2026/08/28 12:55:19,50
2026/08/28 13:35:39,52
2026/08/28 13:44:46,49
2026/08/28 14:01:27,48
2026/09/01 15:45:25,51
2026/09/01 15:57:48,53
2026/09/01 16:19:13,47
2026/09/01 16:23:50,49
2026/09/01 16:34:07,48
2026/09/01 16:38:21,51
2026/09/01 16:39:35,50
2026/09/01 16:40:16,51
2026/09/01 16:43:28,50
2026/09/01 16:46:07,49
2026/09/01 16:50:13,51
2026/09/01 16:52:42,48
2026/09/01 16:59:52,49
2026/09/01 17:11:20,46
2026/09/03 13:23:40,47
2026/09/03 13:25:39,48
2026/09/03 13:28:03,49
2026/09/03 13:33:11,48
2026/09/03 13:38:08,46
2026/09/03 13:44:06,45
2026/09/03 13:58:02,49
2026/09/03 14:04:24,47
2026/09/03 14:14:16,46
2026/09/03 14:16:57,47
2026/09/03 14:23:20,45
2026/09/03 14:36:38,46
2026/09/03 14:49:03,47
2026/09/03 15:01:33,46
